{"cameraMode":{"drawMode":0,"name":"Shaded","section":"Shading Mode"},"sceneLighting":false,"audioPlay":false,"sceneViewState":{"showFog":true,"showMaterialUpdate":false,"showSkybox":false,"showFlares":true,"showImageEffects":true,"showParticleSystems":true},"in2DMode":false,"pivot":{"x":8.572375297546387,"y":-0.8605241775512695,"z":4.845205307006836},"rotation":{"x":0.2662421762943268,"y":0.05837056040763855,"z":-0.01615442894399166,"w":0.9620023965835571},"size":22.929370880126954,"orthographic":false}