{"cameraMode":{"drawMode":0,"name":"Shaded","section":"Shading Mode"},"sceneLighting":false,"audioPlay":false,"sceneViewState":{"showFog":true,"showMaterialUpdate":false,"showSkybox":false,"showFlares":true,"showImageEffects":true,"showParticleSystems":true},"in2DMode":false,"pivot":{"x":12.622645378112793,"y":25.866186141967775,"z":-0.619873046875},"rotation":{"x":-0.04340410232543945,"y":-0.061403144150972369,"z":-0.0026727449148893358,"w":0.9971662163734436},"size":51.38977813720703,"orthographic":false}