{"cameraMode":{"drawMode":0,"name":"Shaded","section":"Shading Mode"},"sceneLighting":false,"audioPlay":false,"sceneViewState":{"showFog":true,"showMaterialUpdate":false,"showSkybox":false,"showFlares":true,"showImageEffects":true,"showParticleSystems":true},"in2DMode":false,"pivot":{"x":15.981453895568848,"y":1.7405776977539063,"z":-4.577061653137207},"rotation":{"x":0.2523558437824249,"y":-0.297340452671051,"z":0.08181168138980866,"w":0.9171779751777649},"size":21.89642906188965,"orthographic":false}